image_id,wundtyp,lokalisation,wundstadium,wundstadium_sonstiges,wundgrund,wundrand,wundrand_sonstiges,wundumgebung,wundumgebung_sonstiges,exsudat_menge,infektion_vorhanden,weitere_auffaelligkeiten,debridement_notwendig,debridement_methode,spuelloesung,praeferenz_wundauflage,alternativ_wundauflage,praeferenz_ergaenzung,alternativ_ergaenzung,kompression_indiziert,kompression_produkt,einschraenkungen_annahmen
wunde_01,Postoperative Wunde (Wunddehiszenz) nahe Stoma,"Abdomen links (unterer Quadrant), peristomal angrenzend",Fibrinbelag,,"[""Fibrinbelag"", ""Taschenbildung""]","[""Gerötet / entzündlich"", ""Mazeriert"", ""Unterminiert (Wundtaschen)""]",,"[""Erythem / Rötung"", ""Mazeration""]",,Stark,ja,Stomaversorgung unmittelbar kranial der Wunde; mögliche Kontamination/Übertritt von Stomasekret; Messskala angelegt; Geruch und Schmerz anhand des Bildes nicht beurteilbar.,ja,"[""Chirurgisches Debridement"", ""Debrisoft Duo"", ""Debrisoft Lolly""]",Antimikrobielle Spüllösung,"[""Suprasorb A + Ag"", ""Suprasorb P + PHMB""]","[""Vliwaktiv Ag"", ""Vliwasorb Pro""]","[""Curafix H"", ""Silkafix"", ""tg Schlauchverband""]","[""Mollelast haft latexfrei"", ""Porofix""]",nein,[],"Tiefe Taschen/Unterminierungen werden vermutet - Tamponade locker einlegen, nicht überfüllen. Nähe zum Stoma mit möglicher Kontamination: Optimierung der Stomaversorgung und zusätzlicher Hautschutz notwendig (außerhalb des Katalogumfangs). Keine Angaben zu Fasziendehiszenz/Osteitis/Schmerz - ärztliche Abklärung; chirurgisches Debridement ggf. erforderlich."
wunde_02,Exkoriationen / flächige Erosionen der Hand,Handrücken und Handgelenk,Exsudation,,[],"[""Gerötet / entzündlich"", ""Mazeriert""]",,"[""Ekzem / Dermatitis"", ""Erythem / Rötung"", ""Mazeration""]",,"Leicht, Mäßig",ja,Weitflächige Ausdehnung über Handrücken bis zum distalen Unterarm; keine Blasen sichtbar; kein purulentes Exsudat erkennbar; weißliche Oberflächenauflagerungen möglich (z. B. Cremereste).,ja,"[""Debrisoft Duo"", ""Debrisoft Pad""]",Antimikrobielle Spüllösung,"[""Suprasorb X + PHMB""]","[""Suprasorb P + PHMB""]","[""ActiFast"", ""Mollelast haft latexfrei""]","[""Mollelast"", ""tg Schlauchverband""]",nein,[],"Exakte Ursache der Erosionen/Dermatitis unklar; keine Angaben zu Allergien. Annahmen: oberflächliche Läsionen ohne relevante Ischämie, Exsudat leicht-mäßig; großflächige, empfindliche Periwundhaut -> atraumatische Fixierung per Schlauchverband bevorzugt."
wunde_03,Oberflächliches Ulkus am Unterschenkel; Ätiologie unklar (bildbasierter Befund),Unterschenkel (Seite nicht bestimmbar),Granulation,,"[""Granulation"", ""Wundrandepithelisierung""]","[""Mazeriert""]",,"[""Mazeration""]",,Leicht,nein,"Unregelmäßige, flache Ulzeration; kein purulentes Exsudat, kein Belag erkennbar.",nein,[],,"[""Suprasorb P Sensitive"", ""Suprasorb X Pro""]","[""Lomatuell Pro"", ""Suprasorb P Sensiflex""]",[],,ja,"[""Rosidal TCS"", ""Actico UlcerSys System""]","Ätiologie des Unterschenkelulkus unklar. Kompression nur bei gesicherter arterieller Perfusion (z. B. ABI ≥ 0,8/zehendruck ausreichend) und ohne kardiale Dekompensation; andernfalls keine Kompression. Wundbett granulierend und sauber, daher kein Débridement erforderlich; sanfte Wundreinigung bei Verbandwechsel nach lokalem Protokoll. Wundrandschutz gegen Mazeration ergänzen (z. B. Barrierefilm/Zinkpaste; nicht im Katalog)."
wunde_04,"Hautulzeration (unklare Genese), zwei benachbarte Ulzera",Oberarm medial (Seite am Bild nicht sicher bestimmbar),Infektion,,"[""Fibrinbelag"", ""Granulation"", ""Infektion""]","[""Gerötet / entzündlich"", ""Unterminiert (Wundtaschen)""]",,"[""Erythem / Rötung""]",,Mäßig,ja,Perilesionale Haut wirkt glänzend; zwei nahe beieinanderliegende Läsionen mit separaten Öffnungen.,ja,"[""Chirurgisches Debridement"", ""Debrisoft Duo"", ""Debrisoft Lolly"", ""Ultraschall-assistiertes Debridement (UAW)""]",Antimikrobielle Spüllösung,"[""Suprasorb A + Ag"", ""Suprasorb P Sensitive""]","[""Suprasorb P"", ""Suprasorb X + PHMB""]","[""ActiFast"", ""Mollelast haft latexfrei""]","[""Haftelast latexfrei"", ""tg Schlauchverband""]",nein,[],Ätiologie unklar; tiefe Ulzerationen mit Wundtaschen -> Tamponade vorgesehen. Systemische Abklärung/Antibiotikatherapie nach ärztlicher Einschätzung erforderlich. Kompression nicht indiziert am Oberarm.
wunde_05,"Verbrennung (thermische Verletzung), großflächige Weichteilläsion","Distale Extremität (vermutlich Unterschenkel), genaue Seite aus dem Bild nicht sicher beurteilbar",Fibrinbelag,,"[""Fibrinbelag"", ""Granulation"", ""Nekrose""]","[""Gerötet / entzündlich"", ""Mazeriert""]",,"[""Erythem / Rötung""]",,Mäßig,ja,"Großflächige, längsorientierte Defektzone mit unregelmäßigem Rand; teils ledrig/wächsern wirkende Oberfläche; keine Blasenbildung sichtbar",ja,"[""Autolytisches Debridement"", ""Chirurgisches Debridement"", ""Debrisoft Duo""]",Antimikrobielle Spüllösung,"[""Suprasorb A + Ag"", ""Vliwazell Pro""]","[""Suprasorb P + PHMB""]","[""ActiFast"", ""Mollelast haft latexfrei""]","[""Curafix H"", ""tg Schlauchverband""]",nein,[],"Tiefe/Ausmaß der Verbrennung, Durchblutung und Ätiologie (z. B. venöse Komponente) nicht gesichert; daher keine Kompression. Analgesie, Allergien und Schmerzlage unbekannt. Debridement-Art (chirurgisch vs. mechanisch/autolytisch) abhängig vom Befund und Setting."
wunde_06,"Verbrennungswunde (blasig, oberflächlich partiell)","Fußrücken und Knöchelregion, Seite unklar (Foto)",Exsudation,,"[""Blasenbildung""]","[""Gerötet / entzündlich"", ""Mazeriert""]",,"[""Erythem / Rötung"", ""Ödem""]",,Mäßig,ja,Ausgedehnte seröse Blasenbildung am Fußrücken bis zum Knöchel; einzelne geplatzte Blasen; kein offensichtlicher Infektbefund im Bild; Geruch und Schmerz anhand des Fotos nicht beurteilbar.,ja,"[""Chirurgisches Debridement"", ""Debrisoft Pad""]",Antimikrobielle Spüllösung,"[""Suprasorb P Sensitive"", ""Suprasorb X + PHMB""]","[""Suprasorb P + PHMB""]","[""ActiFast"", ""Mollelast haft latexfrei""]","[""Silkafix"", ""tg Schlauchverband""]",nein,[],"Annahme: keine PHMB- oder Silberallergie; Blasendeckel werden bei Bedarf aseptisch entfernt/eröffnet; arterielle Durchblutung, Diabetesstatus und Schmerzgrad unbekannt. Suprasorb P Sensitive als nicht-klebende Variante; Fixierung je nach Beweglichkeit und Exsudat."
wunde_07,"Ulkus (Ätiologie unspezifisch), flächige oberflächliche Ulzeration",Unterschenkel distal (Seite aus Bild nicht beurteilbar),Fibrinbelag,,"[""Fibrinbelag"", ""Granulation""]","[""Gerötet / entzündlich"", ""Mazeriert""]",,"[""Erythem / Rötung"", ""Mazeration""]",,Stark,nein,"Unregelmäßige, konfluierende Läsionen; oberflächlich; serös-gelblicher Belag; keine sichtbaren Taschen oder Unterminierungen; Geruch und Schmerzen bildbasiert nicht beurteilbar.",ja,"[""Autolytisches Debridement"", ""Debrisoft Duo""]",,"[""Suprasorb Liquacel Pro"", ""Vliwasorb Pro""]","[""Suprasorb A Pro"", ""Vliwazell Pro""]","[""ActiFast"", ""Mollelast""]","[""Geka Mullbinde"", ""tg Schlauchverband""]",ja,"[""Rosidal TCS""]",Vaskulärer Status (ABI/Zehen-Druck) nicht angegeben - Kompression nur bei ausreichender arterieller Perfusion anwenden. Geruch/Schmerz nicht beurteilt. Wechselintervalle nach Exsudatmenge steuern. Bei späteren Infektzeichen antimikrobielle Option (z. B. Suprasorb X + PHMB) erwägen.
wunde_08,"Verbrennung (bullös, partielle Hautschädigung)",Fußrücken (dorsal) eines Kindes; Seite nicht sicher beurteilbar,Exsudation,,"[""Blasenbildung""]","[""Gerötet / entzündlich"", ""Mazeriert""]",,"[""Erythem / Rötung"", ""Ödem""]",,Leicht,nein,Hämorrhagische Blasenanteile und ekchymotische Verfärbung; auffällige rechteckige Abdrücke/erosive Areale zentral; kein sichtbarer Eiter.,ja,"[""Autolytisches Debridement"", ""Debrisoft Pad""]",,"[""Suprasorb F Protect"", ""Suprasorb X""]","[""Metalline Kompresse"", ""Suprasorb F""]","[""Mollelast haft latexfrei"", ""tg Hand-/Fußverband""]","[""ActiFast"", ""Curapor transparent""]",nein,[],"Pädiatrische Verbrennung 2. Grades am Fußrücken mit leichter Exsudation, keine Infektion. Exakte Tiefe/Verbrennungsausmaß, Zeitpunkt des Traumas und Blasenmanagement (Eröffnen/Belassen) nicht bekannt; Debridement-Empfehlung bezieht sich auf schonende Entfernung lockerer Blasen-/Krustenanteile. Allergiestatus/Verträglichkeit von Klebern unklar."
wunde_09,Nekrotisches Fußulkus (mehrere Läsionen),Fuß lateral inkl. Ferse und lateraler Vorfuß (Seite aus Bild nicht sicher beurteilbar),Nekrose,,"[""Fibrinbelag"", ""Nekrose""]","[""Gerötet / entzündlich""]",,"[""Erythem / Rötung"", ""Ödem""]",,Mäßig,nein,Mehrere voneinander getrennte Nekroseareale; umgebende Haut glänzend und livid; keine sichtbare Blutung; Geruch und Schmerzen im Bild nicht beurteilbar.,ja,"[""Autolytisches Debridement"", ""Chirurgisches Debridement"", ""Debrisoft Duo""]",,"[""Suprasorb G Gel-Kompresse"", ""Suprasorb P Sensitive""]","[""Suprasorb P Sensitive"", ""Suprasorb X Pro""]","[""Mollelast haft latexfrei"", ""tg Schlauchverband""]","[""ActiFast"", ""Curafix H""]",nein,[],Arterielle Perfusion/ABI unbekannt. Dicke schwarze Ferseneschar kann ischämisch sein - in diesem Fall kein scharfes Debridement und keine okklusiv-feuchten Verbände; zunächst Gefäßabklärung. Bei ausreichender Perfusion autolytisch anfeuchten und mechanisch nachreinigen. Mehrere Läsionen getrennt versorgen; konsequente Druckentlastung (Offloading) erforderlich.
wunde_10,"Fußulkus (ausgedehnter, nekrotischer Defekt)","Fuß, Vorfuß/Zehenbereich lateral/plantar (Seite nicht beurteilbar)",Nekrose,,"[""Fibrinbelag"", ""Granulation"", ""Nekrose""]","[""Mazeriert"", ""Unterminiert (Wundtaschen)""]",,"[""Mazeration""]",,Mäßig,ja,,ja,"[""Chirurgisches Debridement"", ""Debrisoft Duo"", ""Debrisoft Lolly""]",Antimikrobielle Spüllösung,"[""Suprasorb A + Ag"", ""Suprasorb P + PHMB""]","[""Vliwaktiv Ag""]","[""Mollelast haft latexfrei"", ""tg Schlauchverband""]","[""ActiFast"", ""Haftelast latexfrei""]",nein,[],"Ätiologie des Fußulkus unklar (z. B. diabetisch/arteriell/venös), keine ABI/Doppler-Werte; daher Kompression vorerst nicht empfohlen. Offloading (nicht im Katalog) und systemische Infektbehandlung nach klinischer Beurteilung notwendig. Tamponade/Füller bei Wundtaschen einsetzen, Abdeckung mit antimikrobiellem Schaum; Verbandwechsel nach Exsudatmenge."
wunde_11,Druckulcus am Fuß (mehrere Ulzera),"Fuß, Vorfuß plantar sowie medialer Fußrand; Seite nicht eindeutig beurteilbar",Nekrose,,"[""Fibrinbelag"", ""Granulation"", ""Nekrose""]","[""Gerötet / entzündlich"", ""Hyperkeratotisch"", ""Mazeriert""]",,"[""Erythem / Rötung"", ""Mazeration""]",,Leicht,ja,Mehrere getrennte Ulzera in unterschiedlichen Stadien; ringförmige Hyperkeratose um das seitliche Ulkus; Krusten/Koagel sichtbar; keine sichtbaren Fremdkörper.,ja,"[""Autolytisches Debridement"", ""Chirurgisches Debridement"", ""Debrisoft Duo""]",Antimikrobielle Spüllösung,"[""Suprasorb X + PHMB""]","[""Suprasorb A + Ag""]","[""Mollelast haft latexfrei"", ""Silkafix"", ""tg Schlauchverband""]","[""ActiFast"", ""Curapor transparent"", ""Haftelast latexfrei""]",nein,[],Mehrere Ulzera am Fuß mit leichter Exsudation und klinischer Infektion. Arterielle Perfusion/ABI und Offloading nicht dokumentiert; scharfes Debridement nur bei gesicherter Durchblutung. Suprasorb X + PHMB für schwach bis mittel exsudierende infizierte Wunden; bei stärkerer Exsudation als Alternative Suprasorb A + Ag. Fixation an der Fußsohle bevorzugt mittels kohäsiver Binden/Schlauchverband.
wunde_12,Dekubitus (Fersenulkus),"Ferse (posterolateral), Seite nicht sicher beurteilbar",Granulation,,"[""Fibrinbelag"", ""Granulation"", ""Taschenbildung""]","[""Mazeriert"", ""Unterminiert (Wundtaschen)""]",,"[""Mazeration"", ""Reizlos / intakt""]",,"Leicht, Mäßig",ja,,ja,"[""Debrisoft Duo"", ""Debrisoft Lolly""]",Antimikrobielle Spüllösung,"[""Suprasorb P Sensitive"", ""Suprasorb X + PHMB""]","[""Suprasorb A + Ag"", ""Suprasorb P""]","[""Mollelast haft latexfrei"", ""tg Fertigverbände""]","[""ActiFast"", ""Haftelast latexfrei""]",nein,[],"Ausmaß der Unterminierung/Tiefe unklar; Keimspektrum und systemische Infektzeichen unbekannt; Durchblutung (ABI) und Diabetesstatus nicht angegeben; konsequente Druckentlastung der Ferse erforderlich, jedoch nicht Teil des Katalogs."
wunde_13,Ulcus cruris venosum (venös-typisch),Medialer Knöchelbereich/Unterschenkel (Innenknöchel),Fibrinbelag,,"[""Fibrinbelag"", ""Granulation""]","[""Gerötet / entzündlich"", ""Mazeriert""]",,"[""CVI-typische Hautveränderungen (Hyperpigmentierung, Atrophie blanche, Lipodermatosklerose)"", ""Ekzem / Dermatitis"", ""Erythem / Rötung"", ""Mazeration""]",,"Leicht, Mäßig",ja,"Unregelmäßige Konturen, zwei benachbarte/koaleszierende Ulzera; kein sichtbarer Eiter oder Blasenbildung.",ja,"[""Autolytisches Debridement"", ""Debrisoft Duo""]",Antimikrobielle Spüllösung,"[""Suprasorb F Protect"", ""Suprasorb P Sensitive"", ""Suprasorb X + PHMB""]","[""Suprasorb A + Ag"", ""Suprasorb P""]","[""Mollelast haft latexfrei"", ""tg Schlauchverband""]","[""ActiFast"", ""Haftelast latexfrei""]",ja,"[""Rosidal TCS""]","Arterieller Status/ABI nicht angegeben - Kompression unter der Annahme einer ausreichenden arteriellen Perfusion (ABI ≥ 0,8). Allergiestatus gegenüber PHMB/Silber unbekannt."
wunde_14,Ulkus am Fußrücken,Fußrücken (Seite nicht sicher beurteilbar aus Bild),Granulation,,"[""Fibrinbelag"", ""Granulation""]","[""Gerötet / entzündlich"", ""Mazeriert""]",,"[""Mazeration"", ""Ödem""]",,Stark,ja,,ja,"[""Autolytisches Debridement"", ""Debrisoft Duo""]",Antimikrobielle Spüllösung,"[""Suprasorb A + Ag"", ""Vliwasorb Pro""]","[""Suprasorb P + PHMB"", ""Vliwasorb Pro""]","[""ActiFast"", ""Mollelast haft latexfrei""]","[""Haftelast latexfrei"", ""tg Schlauchverband""]",ja,"[""ReadyWrap Foot CT"", ""ReadyWrap Unterschenkel"", ""ReadyWrap Unterstrumpf""]","Kompression nur bei ausreichender arterieller Durchblutung (z. B. ABI ≥ 0,8) anwenden. Auswahl der antimikrobiellen Primärauflage (Silber/PHMB) zeitlich begrenzen und nach 1-2 Wochen klinisch reevaluieren. Geruchs- oder Exsudatspitzen können zusätzliches Wechselintervall oder Superabsorber-Größenanpassung erfordern."
wunde_15,Mehrere Ulzera am lateralen Fuß mit Nekrose und Fibrinbelag,"Außenkante/Fersenbereich, Fuß lateral (Seite nicht beurteilbar)",Nekrose,,"[""Fibrinbelag"", ""Granulation"", ""Nekrose""]","[""Gerötet / entzündlich"", ""Mazeriert"", ""Unterminiert (Wundtaschen)""]",,"[""Erythem / Rötung"", ""Mazeration"", ""Ödem""]",,"Leicht, Mäßig",ja,"Mehrere voneinander getrennte Läsionen mit scharf begrenztem, gestanztem Aspekt; mögliche Infektionszeichen durch perilesionale Rötung. Geruch und Schmerzen aus dem Bild nicht beurteilbar.",ja,"[""Autolytisches Debridement"", ""Chirurgisches Debridement"", ""Debrisoft Duo"", ""Debrisoft Lolly""]",Antimikrobielle Spüllösung,"[""Suprasorb A + Ag"", ""Suprasorb P Sensitive""]","[""Suprasorb P + PHMB"", ""Suprasorb X + PHMB""]","[""Mollelast haft latexfrei"", ""tg Fertigverbände""]","[""ActiFast"", ""Haftelast latexfrei""]",nein,[],"Arterielle Perfusion (ABI) unbekannt - daher vorerst keine Kompression; nach Gefäßdiagnostik ggf. venöse Kompression prüfen. Mehrere ulzeraöse Läsionen mit Nekrosen/Fibrin, Taschen und leichter bis mäßiger Exsudation; Tamponade für tiefe Areale, Kompressen für oberflächliche; Silikonschaum als Abdeckung zum Schutz mazerierter Ränder."
wunde_16,"Fußulkus (mehrere oberflächliche Ulzera, Ätiologie unklar)","Fußrücken/Vorfuß dorsal, Seite nicht beurteilbar",Granulation,,"[""Fibrinbelag"", ""Granulation""]","[""Gerötet / entzündlich"", ""Mazeriert""]",,"[""Erythem / Rötung""]",,"Leicht, Mäßig",ja,"Mehrere nebeneinanderliegende, teils konfluierende oberflächliche Defekte am dorsalen Vorfuß; glänzend-feuchter Wundgrund; keine sichtbare Unterminierung oder Hyperkeratose; Geruch und Schmerz aus dem Bild nicht beurteilbar.",ja,"[""Debrisoft Duo"", ""Debrisoft Pad""]",Antimikrobielle Spüllösung,"[""Suprasorb P Sensitive"", ""Suprasorb X + PHMB""]","[""Suprasorb A + Ag"", ""Suprasorb P Sensitive""]",[],,nein,[],"Ätiologie des Fußulkus unklar; ABI/arterielle Versorgung und venöse Genese nicht bekannt, daher keine generelle Kompression empfohlen. Exsudation leicht-mäßig, Wundränder mazeriert: Schaumverband als Overlay zur Exsudatkontrolle gewählt. Bei höherem Exsudat kann ein zusätzlicher absorbierender Sekundärverband erforderlich sein."
wunde_17,Mehrere oberflächliche Ulzera/Erosionen am Fuß (multifokal),"Fußrücken und Sprunggelenksregion, Seite nicht eindeutig beurteilbar",Fibrinbelag,,"[""Fibrinbelag"", ""Granulation""]","[""Gerötet / entzündlich"", ""Mazeriert"", ""Sonstiges""]","Unregelmäßig begrenzt, flach auslaufend","[""Ekzem / Dermatitis"", ""Erythem / Rötung"", ""Mazeration"", ""Ödem""]",,Keine bis Leicht,nein,Mehrere Läsionen in unterschiedlichen Stadien; gelbliche Beläge und Krusten; perilesionale Schuppung/dermatitische Haut; Weichteilschwellung des Fußrückens.,ja,"[""Autolytisches Debridement"", ""Debrisoft Duo""]",,"[""Suprasorb G Gel-Kompresse"", ""Suprasorb X Pro""]","[""Lomatuell Pro"", ""Suprasorb X""]","[""Curafix H"", ""Mollelast haft latexfrei"", ""tg Schlauchverband""]","[""ActiFast"", ""Haftelast latexfrei""]",ja,"[""Rosidal TCS"", ""ReadyWrap Unterschenkel"", ""ReadyWrap Foot CT""]","Exsudatmenge gering; multiple flache Ulzera mit Fibrinbelag und periwundärer Mazeration/Ödem. Keine klaren Infektionszeichen, daher keine antimikrobielle Primärauflage. Kompressionstherapie empfohlen zur Ödemkontrolle bei venöser/lymphatischer Komponente, jedoch nur nach Gefäßdiagnostik (z. B. ABI/Zehen-Druck) und Ausschluss signifikanter arterieller Insuffizienz; Druckniveau und Systemwahl an Patient und Mobilität anpassen."
wunde_18,Fußulkus (Ätiologie unklar),Fuß laterale Seite (Außenrand),Fibrinbelag,,"[""Fibrinbelag"", ""Granulation""]","[""Gerötet / entzündlich"", ""Hyperkeratotisch"", ""Mazeriert""]",,"[""Ekzem / Dermatitis"", ""Erythem / Rötung""]",,Stark,ja,Zwei getrennte Ulzera in Reihe; perilesionale Schuppung/Trockenheit. Geruch und Schmerz anhand des Bildes nicht beurteilbar.,ja,"[""Chirurgisches Debridement"", ""Debrisoft Duo"", ""Debrisoft Pad""]",Antimikrobielle Spüllösung,"[""Suprasorb A + Ag"", ""Vliwasorb Pro""]","[""Suprasorb P + PHMB"", ""Vliwasorb Pro""]","[""ActiFast"", ""Mollelast haft latexfrei"", ""tg Schlauchverband""]","[""Haftelast latexfrei"", ""Mollelast""]",nein,[],Ätiologie des Fußulkus unklar (diabetisch/venös/ischämisch?). Ohne ABI/arterielle Abklärung keine Kompression. Bei bestätigter venöser Genese kann Kompression (z. B. Rosidal TCS oder Actico UlcerSys) ergänzt werden. Tiefe/Taschen unklar; bei Unterminierungen Suprasorb A + Ag als Tamponade einsetzen. Periwundhaut mazeriert/entzündlich - möglichst kohäsiv fixieren und zusätzlichen Hautschutz nach lokalem Protokoll anwenden.
wunde_19,Druckulkus am Fuß (druck-/neuropathisch möglich),"Fuß dorsolateral, Seite nicht sicher beurteilbar",Fibrinbelag,,"[""Fibrinbelag"", ""Granulation""]","[""Gerötet / entzündlich"", ""Hyperkeratotisch""]",,"[""Erythem / Rötung"", ""Sonstiges"", ""Ödem""]",Ausgeprägte Trockenheit und Schuppung (Xerosis) mit diffuser Hyperkeratose der umgebenden Haut.,"Leicht, Mäßig",ja,,ja,"[""Debrisoft Duo""]",Antimikrobielle Spüllösung,"[""Suprasorb X + PHMB""]","[""Suprasorb P + PHMB""]","[""Mollelast haft latexfrei"", ""tg Schlauchverband""]","[""ActiFast"", ""Haftelast latexfrei""]",nein,[],Kein arterieller Status (ABI) und keine klare venöse Ätiologie dokumentiert; trotz lokaler Ödeme daher zunächst keine Kompression. Annahme: lokale Infektion ohne systemische Zeichen; Druckentlastung/Offloading erforderlich (außerhalb des Katalogs). Keine tiefen Taschen erkennbar.
wunde_20,Druckulcus (Zehenulkus),"Großzehe (Hallux), seitlich-plantar; Seite nicht sicher beurteilbar",Nekrose,,"[""Fibrinbelag"", ""Granulation"", ""Nekrose""]","[""Gerötet / entzündlich"", ""Mazeriert""]",,"[""Erythem / Rötung"", ""Mazeration""]",,Keine bis Leicht,ja,Mehrere ulzerative Läsionen an derselben Zehe; randständige Blutung am distalen Ulkus; feucht-glänzende Hautoberfläche. Visuell mögliche lokale Infektzeichen (Rötung); Geruch/Schmerz aus dem Bild nicht beurteilbar.,ja,"[""Autolytisches Debridement"", ""Chirurgisches Debridement"", ""Debrisoft Duo""]",Antimikrobielle Spüllösung,"[""Suprasorb X + PHMB""]",,"[""Mollelast haft latexfrei"", ""tg Schlauchverband""]","[""ActiFast""]",nein,[],"Arterielle Durchblutung/ABI unbekannt - vor aggressivem/scharfem Débridement und jeder Kompressionsmaßnahme klären. Druckentlastung/Offloading des Hallux erforderlich. Tiefe, Taschen, Osteitis sowie systemische Infektzeichen klinisch ausschließen."
wunde_21,"Gangränöse, nekrotische Fußwunde (Ulkus)",Vorfuß plantar (Seite im Bild unklar),Nekrose,,"[""Fibrinbelag"", ""Nekrose""]","[""Gerötet / entzündlich"", ""Mazeriert"", ""Unterminiert (Wundtaschen)""]",,"[""Erythem / Rötung"", ""Mazeration"", ""Ödem""]",,Mäßig,ja,Deutliche Demarkationslinie zwischen nekrotischem Areal und umgebender Haut; teilweise abhebende Eschar; umgebende Weichteile ödematös. Keine freiliegenden Sehnen oder Knochen sichtbar.,ja,"[""Chirurgisches Debridement"", ""Debrisoft Duo"", ""Debrisoft Lolly"", ""Ultraschall-assistiertes Debridement (UAW)""]",Antimikrobielle Spüllösung,"[""Suprasorb A + Ag"", ""Suprasorb P + PHMB""]","[""Suprasorb P Sensitive"", ""Suprasorb X + PHMB""]","[""Curafix H"", ""Mollelast haft latexfrei"", ""tg Fertigverbände""]","[""ActiFast"", ""Haftelast latexfrei"", ""tg Schlauchverband""]",nein,[],"Gangrän/Ischämie wahrscheinlich - arterielle Perfusion (ABI/TcPO2/Duplex) und Revaskularisierbarkeit ärztlich klären; systemische Antiinfektiva indizieren. Kompression vorerst nicht, bis arterielle Situation gesichert. Bei Wundtaschen Tamponade-Variante von Suprasorb A + Ag verwenden. Konsequente Druckentlastung (Offloading) des Vorfußes erforderlich."
wunde_22,Dekubitus (Ferse),Ferse plantar,Nekrose,,"[""Nekrose""]","[""Gerötet / entzündlich""]",,"[""Erythem / Rötung""]",,Keine bis Leicht,nein,"Trockene, harte Eschar über prominenter Druckstelle; kein sichtbares Exsudat, keine Mazeration erkennbar.",nein,[],,"[""Lomatuell H"", ""Suprasorb P Sensitive""]","[""Metalline Kompresse"", ""Suprasorb P""]","[""ActiFast"", ""Curafix H"", ""Mollelast haft latexfrei""]","[""Haftelast latexfrei"", ""tg Schlauchverband""]",nein,[],"Stabile, trockene Fersen-Eschar ohne Infektzeichen und mit minimalem Exsudat: kein aktives Débridement, Schutzverband mit Polsterung und konsequente Druckentlastung erforderlich. Gefäßstatus/Ischämie nicht bekannt - bei klinischen Zeichen einer Ischämie oder bei Infekt-/Feuchteentwicklung erneute Beurteilung und ggf. Débridement/antimikrobielle Therapie."
wunde_23,Infizierte Hautläsion / kleiner Abszess,Fuß/Knöchel lateral (Seite unklar),Infektion,,"[""Fibrinbelag"", ""Infektion""]","[""Gerötet / entzündlich""]",,"[""Erythem / Rötung"", ""Ödem""]",,Leicht,ja,Ausgeprägte perilesionale Rötung und Schwellung; zentral sichtbarer Eiterpfropf.,ja,"[""Chirurgisches Debridement"", ""Debrisoft Pad""]",Antimikrobielle Spüllösung,"[""Opraclean Mullbinde zur Tamponade mit Iodoform (23mg/100cm²)"", ""Suprasorb X + PHMB""]","[""Suprasorb X + PHMB""]","[""ActiFast"", ""Curapor""]","[""Haftelast latexfrei""]",nein,[],"Wundtiefe unklar; Annahme: kleiner Abszess mit Höhle nach I&D. Falls nur oberflächlich, Opraclean weglassen und nur Suprasorb X + PHMB verwenden. Keine Angaben zu venöser Grunderkrankung/ABI - daher keine Kompression empfohlen. Ärztliche Entscheidung zu Inzision/Drainage und ggf. systemischer Antibiotikatherapie erforderlich."
wunde_24,"Plantare Ulzeration (druckbedingt/neuropathisch, vereinbar mit diabetischem Fußulkus)","Großzehenballen (Hallux) plantar, Seite nicht eindeutig beurteilbar",Fibrinbelag,,"[""Fibrinbelag"", ""Granulation""]","[""Gerötet / entzündlich"", ""Hyperkeratotisch"", ""Mazeriert""]",,"[""Erythem / Rötung"", ""Mazeration""]",,"Leicht, Mäßig",ja,Keine sichtbare Unterminierung; kein Eiter; Markierungen/Maßband zur Dokumentation sichtbar.,ja,"[""Chirurgisches Debridement"", ""Debrisoft Duo""]",Antimikrobielle Spüllösung,"[""Suprasorb P Sensitive"", ""Suprasorb X + PHMB""]","[""Suprasorb P + PHMB""]","[""ActiFast"", ""Mollelast haft latexfrei""]","[""Haftelast latexfrei"", ""tg Schlauchverband""]",nein,[],Annahmen: ausreichende arterielle Perfusion (ABI/TcPO2 nicht bekannt) und konsequente Druckentlastung/Offloading des Vorfußes werden parallel umgesetzt. Keine Allergien gegen PHMB/Silikon bekannt. Systemische Infektionsabklärung/-therapie nach ärztlichem Ermessen.
wunde_25,Ulkus am Fußrücken (unklare Genese),"Fußrücken (dorsal), Seite nicht eindeutig beurteilbar",Fibrinbelag,,"[""Fibrinbelag"", ""Granulation""]","[""Gerötet / entzündlich"", ""Mazeriert""]",,"[""Erythem / Rötung"", ""Mazeration""]",,"Leicht, Mäßig",ja,,ja,"[""Debrisoft Duo"", ""Debrisoft Pad""]",Antimikrobielle Spüllösung,"[""Suprasorb P Sensitive"", ""Suprasorb X + PHMB""]","[""Suprasorb A + Ag"", ""Suprasorb P + PHMB""]","[""Mollelast haft latexfrei"", ""tg Schlauchverband""]","[""ActiFast"", ""Haftelast latexfrei""]",nein,[],"Ätiologie des Ulkus unklar, arterielle Durchblutung/ABI nicht bekannt; daher vorläufig keine Kompression. Wundränder mazeriert - konsequenter Exsudatschutz und kurze Intervalle erforderlich."
wunde_26,"Plantarer Druckulkus des Vorfußes (vereinbar mit diabetischem Fußulkus), multiple Ulcera","Vorfuß plantar (Ballenbereich, v. a. medial über 1. Metatarsalkopf); zusätzlich kleineres Ulkus am lateralen Zehen-/Vorfußbereich; Seite anhand des Bildes nicht sicher beurteilbar",Fibrinbelag,,"[""Fibrinbelag"", ""Granulation"", ""Nekrose""]","[""Epibolie (eingerollter Wundrand)"", ""Hyperkeratotisch""]",,"[""Sonstiges""]","Deutlich trockene, schuppige und schwielige Haut (Hyperkeratose) um die Ulzera; keine ausgeprägte Rötung erkennbar.",Mäßig,ja,Mehrere Ulzera vorhanden; größtes Ulkus ca. 3-4 cm Durchmesser (gemäß Maßstab). Zusätzlich kleineres laterales Ulkus mit trockenem Schorf; keine sichtbare Purulenz.,ja,"[""Chirurgisches Debridement"", ""Debrisoft Duo""]",Antimikrobielle Spüllösung,"[""Suprasorb A + Ag"", ""Vliwasorb Pro""]","[""Suprasorb P + PHMB""]","[""Mollelast haft latexfrei"", ""tg Schlauchverband""]","[""ActiFast"", ""Silkafix""]",nein,[],Diabetischer plantarer Druckulkus mit mäßigem Exsudat und klinischer Infektion. Annahmen: ausreichende arterielle Perfusion; konsequentes Offloading erforderlich (nicht im Katalog). Systemische Infektabklärung/-therapie nach ärztlicher Beurteilung.
wunde_27,Dekubitus (Fersendruckulkus),Ferse posterior (Seite unklar),Nekrose,,"[""Nekrose"", ""Fibrinbelag""]","[""Gerötet / entzündlich"", ""Mazeriert""]",,"[""Erythem / Rötung"", ""Mazeration""]",,Mäßig,ja,Grünlich-gelblicher Belag/biofilm-verdächtig; Mischung aus feuchter und trockener Nekrose; periwundäre Krusten/Verfärbungen; mögliche bakterielle Besiedelung.,ja,"[""Chirurgisches Debridement"", ""Debrisoft Duo"", ""Ultraschall-assistiertes Debridement (UAW)""]",Antimikrobielle Spüllösung,"[""Suprasorb A + Ag"", ""Suprasorb P Sensitive""]","[""Suprasorb P Sensitive"", ""Suprasorb X + PHMB""]","[""Mollelast haft latexfrei"", ""tg Schlauchverband""]","[""Haftelast latexfrei"", ""tg grip""]",nein,[],"Arterieller Perfusionsstatus/ABI und Offloading-Maßnahmen nicht angegeben; Fersendruckentlastung essenziell. Kompression nicht indiziert, da Druckulkus ohne gesicherte venöse Genese."
wunde_28,Dekubitus (Fersenulkus),"Ferse (plantar/posterolateral), Seite im Bild unklar",Fibrinbelag,,"[""Fibrinbelag"", ""Granulation""]","[""Gerötet / entzündlich"", ""Hyperkeratotisch"", ""Mazeriert""]",,"[""Erythem / Rötung"", ""Mazeration"", ""Sonstiges""]","Trockene, schuppige Haut (Xerose).",Mäßig,nein,"Runder bis ovaler, exkavierter Defekt; gelblich anhaftende Beläge; perilesionale Schuppung/Hyperkeratose. Geruch und Schmerzen aus dem Bild nicht beurteilbar.",ja,"[""Autolytisches Debridement"", ""Debrisoft Duo""]",,"[""Suprasorb Liquacel Pro"", ""Suprasorb P Sensitive""]","[""Suprasorb A Pro"", ""Suprasorb P self-adhesive (heel)""]","[""Komprex II"", ""Mollelast haft latexfrei"", ""tg Schlauchverband""]","[""ActiFast"", ""Haftelast latexfrei""]",nein,[],"Kein klinischer Hinweis auf Infektion. Druckentlastung (Offloading) der Ferse zusätzlich erforderlich, jedoch nicht vollständig durch den Katalog abbildbar; Fixation je nach Passform des Fersen-Schaumverbands ggf. reduziert nötig."
wunde_29,Nekrotische Hautläsion / Ulkus,"Untere Extremität, laterale Region (Seitenangabe aus Bild nicht sicher beurteilbar)",Nekrose,,"[""Nekrose"", ""Fibrinbelag""]","[""Gerötet / entzündlich"", ""Sonstiges""]","Livid-violett verfärbt, deutlich erhaben/induriert und ödematös wirkend.","[""Erythem / Rötung"", ""Ödem""]",,Keine,nein,"Kreisrunde Läsion mit deutlich verhärtetem, aufgeworfenem Rand; Exsudat nicht sichtbar. Geruch und Schmerzen aus dem Bild nicht beurteilbar.",ja,"[""Autolytisches Debridement"", ""Debrisoft Duo""]",,"[""Suprasorb G Gel-Kompresse""]","[""Suprasorb X""]","[""Curapor transparent""]","[""Mollelast"", ""tg Schlauchverband""]",nein,[],"Arterielle Perfusion/ABI unbekannt - daher keine Kompression empfohlen. Annahme: ausreichende Durchblutung für autolytisches Debridement; bei kritischer Ischämie oder stabiler trockener Eschar keine Befeuchtung/Okklusion, stattdessen trockener Schutzverband und ärztliche Abklärung. Schmerzgrad/Tiefe unklar - Verbandwechselintervalle individuell anpassen."
wunde_30,Ulcus cruris (Unterschenkelulkus),Unterschenkel anterior-lateral (Seite aus Bild nicht beurteilbar),Fibrinbelag,,"[""Ulzeration"", ""Fibrinbelag"", ""Granulation"", ""Exsudat""]","[""Gerötet / entzündlich"", ""Mazeriert""]",,"[""Erythem / Rötung"", ""Sonstiges""]",Mehrere satellitenartige erythematöse Papeln/Flecken und kleine oberflächliche Ulzerationen um die Hauptwunde.,"Leicht, Mäßig",nein,Hinweise auf lokale Entzündung/Infektion durch ausgeprägte perilesionale Rötung und gelblich-grünliche Beläge; keine trockene Schwarznekrose erkennbar.,ja,"[""Autolytisches Debridement"", ""Debrisoft Duo""]",,"[""Suprasorb Liquacel Pro"", ""Suprasorb P Sensitive""]","[""Suprasorb P Sensitive"", ""Suprasorb X Pro""]",[],[],ja,"[""Rosidal TCS""]","Vermutete venöse Genese (Ulcus cruris). Kompression nur bei gesicherter arterieller Perfusion (z. B. ABI ≥ 0,8) und ohne kardiale Dekompensation. Kein klinischer Infekt; bei Verschlechterung antimikrobielle Optionen aus dem Katalog erwägen."
wunde_31,Ulkus/Weichteildefekt mit Fibrinbelag (Ätiologie anhand Bild nicht sicher bestimmbar),Fersenregion (Seite nicht beurteilbar),Fibrinbelag,,"[""Fibrinbelag"", ""Rötung""]","[""Gerötet / entzündlich"", ""Mazeriert""]",,"[""Reizlos / intakt""]",,Mäßig,ja,Belag erscheint zäh/adhärent; per Bild kein Geruch oder Schmerz beurteilbar.,ja,"[""Autolytisches Debridement"", ""Debrisoft Duo""]",Antimikrobielle Spüllösung,"[""Suprasorb A + Ag"", ""Vliwasorb sensitive""]","[""Suprasorb X + PHMB"", ""Vliwazell Pro""]","[""Mollelast haft latexfrei"", ""tg Schlauchverband""]","[""ActiFast"", ""Haftelast latexfrei""]",nein,[],"Ätiologie unklar (venös/arteriell/Druck). Kein Gefäßstatus, Offloading-Strategie und systemische Therapie nicht bekannt. Vorschlag: Druckentlastung der Ferse, Infektmanagement nach Leitlinie, Wundrandschutz gegen Mazeration. Auswahl der Verbandgrößen/Form (z.B. Tamponade bei Tiefe) je nach klinischem Befund."
wunde_32,Ulkus (Ätiologie unspezifisch),Unterschenkel (Seite nicht bestimmbar aus Bild),Granulation,,"[""Fibrinbelag"", ""Granulation""]","[""Gerötet / entzündlich"", ""Mazeriert""]",,"[""Ekzem / Dermatitis"", ""Erythem / Rötung"", ""Mazeration""]",,"Mäßig, Stark",nein,Periwundär weißliche Schuppung/Beläge (mögliche Mazeration oder Salben-/Verbandsreste). Keine sichtbare Unterminierung. Geruch und Schmerzen aus dem Bild nicht beurteilbar.,ja,"[""Debrisoft Duo""]",,"[""Suprasorb Liquacel Pro""]","[""Suprasorb A Pro""]","[""Mollelast haft latexfrei"", ""Vliwasorb Pro"", ""tg Schlauchverband""]","[""Curafix H"", ""Mollelast"", ""Suprasorb P""]",ja,"[""Rosidal TCS"", ""Actico UlcerSys System""]","Venöse Ursache angenommen; Kompression nach ABI/Doppler und Ödemstatus anpassen. Periwundschutz lokal ergänzen (trockene Ränder, Schutz/Abdichtung) je nach Mazerationsgrad."
wunde_33,"Ulcus cruris (Beinulkus), Ätiologie unklar","Seite nicht beurteilbar, Unterschenkel (vorderseitig)",Fibrinbelag,,"[""Fibrinbelag"", ""Granulation""]","[""Gerötet / entzündlich"", ""Mazeriert""]",,"[""Erythem / Rötung"", ""Mazeration""]",,"Leicht, Mäßig",ja,"Rund-oval, scharf begrenzter Defekt; perilesionale Haut glänzend/feucht; kein sichtbares Unterminieren, keine Krusten oder Hämatome erkennbar.",ja,"[""Debrisoft Duo""]",Antimikrobielle Spüllösung,"[""Suprasorb X + PHMB""]","[""Suprasorb P + PHMB""]","[""ActiFast"", ""Mollelast haft latexfrei""]","[""Silkafix"", ""tg Schlauchverband""]",ja,"[""Rosidal TCS"", ""Actico UlcerSys System""]","Ätiologie des Ulcus cruris unklar; Kompression nur nach Gefäßdiagnostik (ABI ≥ 0,8 bzw. keine kritische Ischämie). Exsudatmenge leicht-mäßig; Wechselintervalle entsprechend anpassen. Bei klinischen Infektionszeichen systemische Therapie nach ärztlicher Vorgabe erwägen. Periwundmazeration: Randschutz lokal erforderlich (nicht im Katalog enthalten)."
wunde_34,Ulcus cruris (oberflächlich),"Bein, Seite nicht beurteilbar",Granulation,,"[""Fibrinbelag"", ""Granulation"", ""Wundrandepithelisierung""]","[""Gerötet / entzündlich"", ""Mazeriert""]",,"[""Erythem / Rötung"", ""Mazeration""]",,Mäßig,nein,"Ovales, scharf begrenztes, oberflächliches Ulkus; keine sichtbare Unterminierung; gitterartige Oberflächenstruktur im Wundbett (möglicher Verbandabdruck).",ja,"[""Debrisoft Duo""]",,"[""Suprasorb Liquacel Pro"", ""Suprasorb P Sensitive""]","[""Suprasorb P Sensiflex""]",[],,ja,"[""Rosidal TCS""]","Kompression nur bei gesicherter arterieller Durchblutung (z. B. ABI ≥ 0,8) und intakter Sensibilität. Größenwahl an Wundmaß/Beinumfang anpassen. Bei klinischen Infektzeichen Wechsel auf antimikrobielle Primärauflage aus dem Katalog erwägen."
wunde_35,Ulcus cruris (oberflächliches Unterschenkelulkus),"Seite nicht beurteilbar, Unterschenkel ventral (pretibial)",Fibrinbelag,,"[""Fibrinbelag"", ""Granulation""]","[""Gerötet / entzündlich""]",,"[""Ekzem / Dermatitis"", ""Erythem / Rötung""]",,Mäßig,nein,"Mehrere satellitenartige erythematöse Papeln/kleine Läsionen periwundär; gelblich-krümelige, teils eitrig anmutende Beläge; längs-ovale Form; keine sichtbare trockene Nekrose.",ja,"[""Autolytisches Debridement"", ""Debrisoft Duo""]",,"[""Suprasorb Liquacel Pro"", ""Suprasorb P Sensitive""]","[""Suprasorb P Sensitive"", ""Suprasorb X Pro""]","[""Mollelast"", ""tg Schlauchverband""]","[""Curafix H"", ""Mollelast haft latexfrei""]",ja,"[""Rosidal TCS""]","Ursache wahrscheinlich venös; ABI/arterielle Perfusion, Schmerz, Allergien und Patientencompliance nicht angegeben. Periwunddermatitis spricht für hautschonende Fixierung; daher nicht-klebende Auflagen bevorzugt. Kompression nur bei ausreichender arterieller Durchblutung anwenden."
wunde_36,"Ulkus cutis, Ätiologie unklar (aus Bild allein nicht bestimmbar)",Nicht eindeutig bestimmbar (Körperregion im Bild nicht erkennbar),Fibrinbelag,,"[""Fibrinbelag"", ""Granulation""]","[""Epibolie (eingerollter Wundrand)"", ""Gerötet / entzündlich"", ""Mazeriert""]",,"[""Erythem / Rötung""]",,Mäßig,ja,"Oval, scharf begrenzt. Kein offensichtlicher Eiter. Geruch und Schmerzen aus dem Bild nicht beurteilbar.",ja,"[""Chirurgisches Debridement"", ""Debrisoft Duo""]",Antimikrobielle Spüllösung,"[""Suprasorb X + PHMB"", ""Vliwasorb sensitive""]","[""Suprasorb A + Ag"", ""Vliwazell Pro""]","[""Mollelast haft latexfrei"", ""tg Schlauchverband""]","[""ActiFast"", ""Haftelast latexfrei""]",nein,[],"Ätiologie und Lokalisation unklar; daher keine generelle Kompressionsindikation gestellt. Annahme: oberflächlich bis mitteltiefe, mäßig exsudierende, infizierte Wunde mit Fibrinbelag und mazeriertem Rand; keine freiliegenden Strukturen. Kompression nur nach Abklärung der Ursache (z. B. venös) und Gefäßstatus (ABI/Doppler)."
wunde_37,"Ulkus der Haut (Genese unklar, Bildbefund)",Nicht beurteilbar (Körperregion/Seite im Bild nicht eindeutig erkennbar),Nekrose,,"[""Fibrinbelag"", ""Nekrose""]","[""Gerötet / entzündlich"", ""Mazeriert""]",,"[""Erythem / Rötung""]",,Leicht,nein,"Begrenzte, klar definierte Läsion; keine sichtbaren Wundtaschen oder Hyperkeratosen; Größe und Tiefe im Bild nicht sicher beurteilbar; Geruch und Schmerzen aus dem Bild nicht beurteilbar.",ja,"[""Autolytisches Debridement"", ""Debrisoft Duo""]",,"[""Suprasorb G Gel-Kompresse"", ""Suprasorb P Sensitive""]","[""Suprasorb P"", ""Suprasorb X Pro""]","[""ActiFast"", ""Mollelast haft latexfrei""]","[""Haftelast latexfrei"", ""tg Schlauchverband""]",nein,[],Lokalisation/Ätiologie sowie Größe/Tiefe der Läsion unklar; Perfusionsstatus unbekannt. Empfehlung basiert auf Bild + Angaben; Kompressionstherapie erst nach gesicherter venöser Genese.
wunde_38,Ulkus (Ätiologie unspezifisch),"Seite nicht sicher beurteilbar, Unterschenkel distal (Gaiterbereich)",Fibrinbelag,,"[""Ulzeration"", ""Fibrinbelag"", ""Granulation""]","[""Gerötet / entzündlich"", ""Mazeriert""]",,"[""Erythem / Rötung"", ""Mazeration""]",,"Leicht, Mäßig",nein,"Unregelmäßige Kontur; Ränder nicht unterminiert, keine Epibolie erkennbar; kein purulentes Sekret sichtbar; Geruch und Schmerzen aus dem Bild nicht beurteilbar.",ja,"[""Autolytisches Debridement"", ""Debrisoft Duo""]",,"[""Suprasorb P Sensitive"", ""Suprasorb X Pro""]","[""Suprasorb Liquacel Pro"", ""Suprasorb P Sensiflex""]",[],,ja,"[""Rosidal TCS"", ""Actico UlcerSys System""]","Ursache venös angenommen; ABI/arterielle Perfusion nicht angegeben - Kompression nur bei ausreichender Durchblutung (z. B. nach ärztlicher Prüfung/ABI ≥ 0,8). Exsudat leicht-mäßig; Verbandwechselintervall an Exsudat- und Mazerationsgrad anpassen. Periwundhaut wegen Mazeration schützen (z. B. Barrierefilm) und Ränder sorgfältig abdichten. Produktvarianten (Größen, adhäsiv/nicht adhäsiv, Kompresse/Tamponade) je nach Wundgröße/-tiefe wählen."
wunde_39,Ulcus cruris (bildbasiert; Ätiologie nicht sicher),Unterschenkel (genaue Seite unklar),Fibrinbelag,,"[""Ulzeration"", ""Fibrinbelag"", ""Granulation""]","[""Gerötet / entzündlich"", ""Mazeriert""]",,"[""Erythem / Rötung"", ""Mazeration""]",,Mäßig,ja,Ovaläre Läsion; geschätzte Länge ca. 3-4 cm anhand der Maßskala; kein sichtbares Unterminieren/Wundtaschen.,ja,"[""Autolytisches Debridement"", ""Debrisoft Duo""]",Antimikrobielle Spüllösung,"[""Suprasorb A + Ag"", ""Suprasorb P""]","[""Suprasorb P + PHMB""]","[""ActiFast"", ""Mollelast haft latexfrei""]","[""Curafix H"", ""tg Schlauchverband""]",ja,"[""Rosidal TCS"", ""Actico UlcerSys System""]","Ätiologie des Ulcus nicht gesichert; Kompression nur bei ausreichender arterieller Perfusion (ABI ≥ 0,8, keine kritische Ischämie). Auswahl der Suprasorb P Variante (selbst- oder nichtklebend) je nach Fixationsbedarf; bei Einsatz der nichtklebenden Version zusätzliche Fixierung (z. B. ActiFast/Mollelast) erforderlich. Falls Exsudat stärker wird, kann ein superabsorbierender Verband aus dem L&R-Sortiment zusätzlich erforderlich sein. Größen nach Wundmaß wählen, regelmäßige Reevaluation und Infektkontrolle."
wunde_40,Dekubitus,Fersenregion (Seitenangabe aus dem Bild nicht beurteilbar),Fibrinbelag,,"[""Ulzeration"", ""Fibrinbelag"", ""Granulation""]","[""Gerötet / entzündlich"", ""Mazeriert""]",,"[""Erythem / Rötung"", ""Mazeration""]",,Mäßig,nein,"Scharf begrenzte, kreisförmige Läsion; Durchmesser ca. 1,5-2,0 cm anhand des Maßstabs; leichter seröser Exsudatfilm; keine sichtbare Unterminierung.",ja,"[""Autolytisches Debridement"", ""Debrisoft Duo""]",,"[""Suprasorb Liquacel Pro"", ""Suprasorb P Sensitive""]","[""Suprasorb A Pro"", ""Suprasorb P Sensiflex""]","[""tg Schlauchverband""]","[""ActiFast""]",nein,[],"Fersen-Dekubitus, mäßig exsudierend, ohne Infektion. Schaumauflage in Formvariante „heel“ empfohlen zur Polsterung/Schutz; zusätzliche Fixation mit Schlauchverband je nach Mobilität erforderlich. Druckentlastung (Offloading) obligat, aber nicht im Katalog. Größenwahl und Wechselintervalle nach Exsudat; Wundrandpflege zur Mazerationsprophylaxe berücksichtigen."
wunde_41,Hautulkus (unklare Ätiologie),Nicht eindeutig bestimmbar (Körperregion im Bild unklar),Fibrinbelag,,"[""Fibrinbelag"", ""Granulation""]","[""Gerötet / entzündlich"", ""Mazeriert""]",,"[""Erythem / Rötung"", ""Mazeration""]",,Mäßig,ja,Länglich-ovale Defektform; grob ca. 3-4 cm Länge anhand der Maßskala; kein Unterminieren erkennbar.,ja,"[""Autolytisches Debridement"", ""Debrisoft Duo""]",Antimikrobielle Spüllösung,"[""Suprasorb A + Ag"", ""Suprasorb P Sensitive""]","[""Suprasorb X + PHMB"", ""Vliwasorb sensitive""]",[],,nein,[],"Ätiologie und Lokalisation unklar; Gefäßstatus nicht bekannt - daher keine generelle Kompressionsempfehlung. Wunde oberflächlich, mäßig exsudierend mit Fibrinbelag und klinischer Infektion; Schutz des mazerierten Wundrandes durch schützende, saugfähige Auflage (z. B. Silikonschaum) eingeplant."
wunde_42,Ulcus cruris venosum,"Bein, Knöchelregion (Seite nicht beurteilbar)",Granulation,,"[""Ulzeration"", ""Granulation"", ""Fibrinbelag""]","[""Gerötet / entzündlich"", ""Mazeriert""]",,"[""CVI-typische Hautveränderungen (Hyperpigmentierung, Atrophie blanche, Lipodermatosklerose)"", ""Erythem / Rötung"", ""Mazeration""]",,Mäßig,ja,,ja,"[""Debrisoft Duo"", ""Debrisoft Pad""]",Antimikrobielle Spüllösung,"[""Suprasorb A + Ag"", ""Suprasorb P Sensitive""]","[""Suprasorb P"", ""Suprasorb X + PHMB""]","[""ActiFast"", ""Mollelast haft latexfrei""]","[""tg Schlauchverband""]",ja,"[""Rosidal TCS""]","Kompression nur bei ausreichender arterieller Perfusion (z. B. ABI ≥ 0,8) und fehlenden Kontraindikationen; keine bekannte Allergie gegen Silber/PHMB angenommen; Wundtiefe moderat ohne Fistel/Taschen; Auswahl der Ausführung (Kompresse/Tamponade) je nach tatsächlicher Wundtiefe."
wunde_43,Ulcus cruris (ausgedehntes Unterschenkelulkus),Unterschenkel distal (Seite nicht beurteilbar),Infektion,,"[""Exsudat"", ""Fibrinbelag"", ""Granulation"", ""Infektion""]","[""Gerötet / entzündlich"", ""Mazeriert""]",,"[""Erythem / Rötung"", ""Mazeration""]",,"Mäßig, Stark",ja,"Grünlich-bläuliche Beläge und glänzend-schleimige Oberfläche, vereinbar mit Pseudomonas-Kolonisation/Biofilm.",ja,"[""Chirurgisches Debridement"", ""Debrisoft Duo"", ""Ultraschall-assistiertes Debridement (UAW)""]",Antimikrobielle Spüllösung,"[""Suprasorb A + Ag"", ""Vliwasorb Pro""]","[""Suprasorb P + PHMB"", ""Vliwasorb Pro""]","[""Mollelast haft latexfrei"", ""tg Schlauchverband""]","[""ActiFast"", ""Haftelast latexfrei""]",ja,"[""Rosidal TCS"", ""Actico UlcerSys System""]","Annahme: venöses Ulkus, arterielle Durchblutung ausreichend (ABI ≥ 0,8) und keine Kontraindikationen für Kompression. Pseudomonas-Verdacht; systemische Antiinfektiva nach ärztlicher Einschätzung. Exakte Wundtiefe/Unterminierung und Allergien unbekannt."
wunde_44,"Ulcus cruris (stark exsudierend, fibrinbelegt)",Unterschenkel distal / Knöchelregion (Seite im Bild nicht eindeutig),Fibrinbelag,,"[""Fibrinbelag"", ""Nekrose"", ""Granulation""]","[""Gerötet / entzündlich"", ""Mazeriert""]",,"[""Ekzem / Dermatitis"", ""Erythem / Rötung"", ""Mazeration""]",,Stark,ja,Verdacht auf Infektion aufgrund grünlich-gelbem Belag und starker Exsudation; Geruch und Schmerzen aus dem Bild nicht beurteilbar.,ja,"[""Chirurgisches Debridement"", ""Debrisoft Duo""]",Antimikrobielle Spüllösung,"[""Suprasorb A + Ag"", ""Vliwasorb Pro""]","[""Suprasorb P + PHMB"", ""Vliwazell Pro""]","[""ActiFast"", ""Mollelast haft latexfrei""]","[""Haftelast latexfrei"", ""tg Schlauchverband""]",ja,"[""Rosidal TCS"", ""Rosidal soft"", ""Actico UlcerSys System""]","Kompressionsindikation unter Annahme ausreichender arterieller Perfusion (ABI/Zehen-DR nicht vorliegend). Systemische Antiinfektiva nach ärztlichem Ermessen erwägen. Hautschutz/Barrierecreme der Umgebungshaut zusätzlich sinnvoll, Produkt im Katalog nicht gelistet. Regelmäßige Reevaluation von Exsudatmenge und Infektionszeichen."
wunde_45,Ulkus (Ätiologie unspezifisch),"Seite nicht beurteilbar im Bild, Unterschenkel anteromedial",Fibrinbelag,,"[""Fibrinbelag"", ""Rötung"", ""Granulation""]","[""Gerötet / entzündlich"", ""Mazeriert""]",,"[""Ekzem / Dermatitis"", ""Erythem / Rötung"", ""Mazeration""]",,"Leicht, Mäßig",nein,Periwundhaut glänzend-irritiert; Exsudat wirkt serös; Geruch und Schmerzgrad im Bild nicht beurteilbar.,ja,"[""Autolytisches Debridement"", ""Debrisoft Duo""]",,"[""Suprasorb Liquacel Pro"", ""Suprasorb P Sensitive""]","[""Suprasorb P Sensiflex"", ""Suprasorb X Pro""]",[],,ja,"[""Rosidal TCS"", ""Actico UlcerSys System""]",Ätiologie venös vermutet; ABI/arterielle Perfusion nicht bekannt - Kompression nur bei ausreichender Durchblutung anwenden. Periwundäre Mazeration beachten und Wundrand zusätzlich schützen.
wunde_46,Oberflächliches Ulkus am Unterschenkel,"Seite nicht sicher beurteilbar, Unterschenkel anteromedial",Fibrinbelag,,"[""Ulzeration"", ""Fibrinbelag""]","[""Gerötet / entzündlich""]",,"[""Erythem / Rötung""]",,Leicht,ja,Serös-hellgelbliches Exsudat auf Verband sichtbar.,ja,"[""Debrisoft Duo""]",Antimikrobielle Spüllösung,"[""Solvaline N"", ""Suprasorb X + PHMB""]",,"[""Mollelast haft latexfrei"", ""tg Schlauchverband""]",,ja,"[""Rosidal TCS"", ""Actico UlcerSys System""]","Kleines, oberflächliches Unterschenkelulkus mit leichter Exsudation und klinischer Infektion. Kompressionstherapie nur bei gesicherter arterieller Durchblutung (z. B. ABI ≥ 0,8) und venöser Genese. Produktgrößen und Wechselintervalle je nach Exsudat anpassen."
wunde_47,Ulkus am Unterschenkel (Ätiologie unklar),"Bein, seitlich; genaue Seite nicht beurteilbar",Fibrinbelag,,"[""Fibrinbelag"", ""Nekrose""]","[""Gerötet / entzündlich"", ""Mazeriert""]",,"[""Erythem / Rötung"", ""Mazeration""]",,Mäßig,ja,Livide periwundale Verfärbung (Hämatom). Visuelle Hinweise auf lokale Entzündung (Rötung). Geruch und Schmerzen bildbasiert nicht beurteilbar.,ja,"[""Chirurgisches Debridement"", ""Debrisoft Duo"", ""Ultraschall-assistiertes Debridement (UAW)""]",Antimikrobielle Spüllösung,"[""Suprasorb A + Ag"", ""Vliwasorb Pro""]","[""Suprasorb P + PHMB""]","[""Mollelast haft latexfrei"", ""tg Schlauchverband""]","[""Haftelast latexfrei"", ""tg grip""]",nein,[],"Ätiologie des Ulkus unklar; Gefäßstatus (ABI/TBI, Doppler) nicht bekannt. Kompression erst nach arterieller Abklärung. Setzt fachgerechtes Debridement und ggf. systemische Antibiotikatherapie nach Klinikbefund voraus. Exakte Wundtiefe/Unterminierungen, Schmerzen, Allergien und Patientenvorlieben nicht bekannt."
wunde_48,Ulcus cruris (chronisches Unterschenkelulkus),"Seite nicht beurteilbar, Unterschenkel (Gaiterregion)",Fibrinbelag,,"[""Fibrinbelag"", ""Granulation""]","[""Gerötet / entzündlich"", ""Mazeriert""]",,"[""Ekzem / Dermatitis"", ""Erythem / Rötung""]",,"Mäßig, Stark",nein,,ja,"[""Debrisoft Duo"", ""Debrisoft Pad""]",,"[""Suprasorb Liquacel Pro"", ""Vliwasorb Pro""]","[""Suprasorb A Pro"", ""Vliwasorb sensitive""]","[""Mollelast haft latexfrei"", ""tg Schlauchverband""]","[""ActiFast"", ""Silkafix""]",ja,"[""Rosidal TCS""]",Venöse Genese/Ulcerus cruris angenommen. ABI/arterielle Perfusion nicht angegeben - Kompression nur bei ausreichender Durchblutung. Allergien/Hautverträglichkeit unbekannt. Exsudatmenge und Wundgröße aus Bild und Angaben abgeleitet; Produktgrößen entsprechend anpassen.
wunde_49,Ulkus (Ätiologie unspezifisch),Unterschenkel (Seite nicht beurteilbar),Fibrinbelag,,"[""Ulzeration"", ""Fibrinbelag"", ""Granulation""]","[""Gerötet / entzündlich"", ""Mazeriert""]",,"[""Erythem / Rötung"", ""Mazeration""]",,"Mäßig, Stark",ja,"Irreguläre Konturen, mehrere benachbarte Ulzera; gelbliches bis grünliches, zähes Exsudat; Bild spricht für erhöhte Keimlast/Infektionstendenz.",ja,"[""Chirurgisches Debridement"", ""Debrisoft Duo""]",Antimikrobielle Spüllösung,"[""Suprasorb A + Ag"", ""Vliwasorb Pro""]","[""Suprasorb X + PHMB"", ""Vliwasorb Pro""]","[""Mollelast haft latexfrei"", ""tg Schlauchverband""]","[""ActiFast"", ""Haftelast latexfrei""]",ja,"[""Rosidal TCS"", ""Actico UlcerSys System""]",Kompression nur bei gesicherter arterieller Durchblutung (ABI/Toe-Pressure nicht vorliegend). Systemische Abklärung/Antibiotikatherapie nach Klinikbild prüfen. Exakte Tiefenausdehnung/Taschenbildung unklar; Tamponade nur bei Bedarf. Allergien/Unverträglichkeiten nicht bekannt.
wunde_50,Ulkus (Ätiologie unspezifisch),"Bein, Seite nicht beurteilbar",Fibrinbelag,,"[""Fibrinbelag"", ""Nekrose"", ""Rötung"", ""Granulation""]","[""Gerötet / entzündlich"", ""Mazeriert""]",,"[""Erythem / Rötung"", ""Mazeration"", ""Ödem""]",,"Leicht, Mäßig",nein,"Ovale, längliche Ulzeration; keine sichtbaren Taschen/Unterminierungen; zäh-haftende gelbliche Beläge; periwund weißlicher Mazerationssaum.",ja,"[""Autolytisches Debridement"", ""Debrisoft Duo""]",,"[""Suprasorb Liquacel Pro"", ""Suprasorb P Sensitive""]","[""Suprasorb P Sensitive"", ""Suprasorb X Pro""]",[],[],ja,"[""Rosidal TCS""]","Venöses Ulkus mit Ödem; ABI/arterielle Perfusion nicht bekannt - Kompression nur bei ausreichender Durchblutung anwenden. Mechanisches Debridement mit Debrisoft Duo nach Befeuchtung; bei fest haftenden Fibrinbelägen autolytische Phase zwischen den Wechseln. Ziel: Mazerationsschutz und Exsudatkontrolle durch vertikale Absorption (Liquacel Pro) und schützenden Silikonschaum (P sensitive). Wechselintervall je nach Exsudat 2-3 Tage, unter Kompression ggf. verlängern."
wunde_51,Dekubitus (Druckulcus an der Ferse),"Ferse (Rückfuß), Seite nicht beurteilbar",Fibrinbelag,,"[""Ulzeration"", ""Fibrinbelag""]","[""Hyperkeratotisch"", ""Mazeriert""]",,"[""Mazeration"", ""Reizlos / intakt""]",,Mäßig,ja,"Scharf begrenzte, rundliche Läsion; periwundär teils trockene, schuppige Haut; kein purulentes Exsudat oder ausgeprägte umgebende Rötung erkennbar.",ja,"[""Debrisoft Duo"", ""Debrisoft Pad""]",Antimikrobielle Spüllösung,"[""Suprasorb A + Ag"", ""Suprasorb P Sensitive""]","[""Suprasorb P"", ""Suprasorb X + PHMB""]","[""Mollelast haft latexfrei"", ""tg Fertigverbände""]","[""Haftelast latexfrei"", ""tg Schlauchverband""]",nein,[],Druckentlastung der Ferse (Offloading/Lagerung) ist essenziell. Arterielle Durchblutung/ABI unbekannt. Tiefe/Ausdehnung nur anhand des Bildes eingeschätzt. Bei klinischer Infektion systemische antiinfektive Therapie nach ärztlicher Beurteilung ergänzen. Auswahl/Größe des Schaumverbandes an die Fersenanatomie und Exsudatmenge anpassen.
wunde_52,Dekubitus (Fersenulkus),Ferse posterior-lateral (Seite unklar),Fibrinbelag,,"[""Fibrinbelag"", ""Rötung""]","[""Gerötet / entzündlich"", ""Mazeriert""]",,"[""Erythem / Rötung"", ""Mazeration""]",,"Leicht, Mäßig",nein,Zwei getrennte Läsionen sichtbar; umgebende Haut wirkt atrophisch/glänzend; keine offensichtlichen Zeichen massiver Infektion im Bild (kein Pus).,ja,"[""Autolytisches Debridement"", ""Debrisoft Duo""]",,"[""Suprasorb Liquacel Pro"", ""Suprasorb P Sensitive""]","[""Suprasorb P Sensiflex"", ""Suprasorb X Pro""]","[""Mollelast haft latexfrei"", ""tg Schlauchverband""]","[""ActiFast"", ""Haftelast latexfrei""]",nein,[],"Zwei Fersenläsionen, leicht-mäßig exsudierend, ohne Infektionszeichen. Größen/Exsudatdynamik und ABI/arterielle Situation unbekannt; daher keine Kompression empfohlen. Druckentlastung/Fersenfreilagerung erforderlich, aber nicht im Katalog abbildbar. Selbsthaftende Schaumauflagen können ggf. ohne zusätzliche Fixierung auskommen; Schlauchverband/Fixierbinde nur bei Bedarf."
wunde_53,Dekubitus (Druckulkus der Ferse),"Ferse (Calcaneus), Seite nicht eindeutig beurteilbar",Fibrinbelag,,"[""Fibrinbelag"", ""Granulation""]","[""Gerötet / entzündlich"", ""Mazeriert""]",,"[""Erythem / Rötung""]",,"Mäßig, Stark",ja,"Gelblich-rahmiges Exsudat im Wundbett; kraterförmige Läsion über knöcherner Prominenz (Ferse); anhand der Skala geschätzter Durchmesser ca. 2-2,5 cm; Geruch und Schmerzen aus dem Bild nicht beurteilbar.",ja,"[""Autolytisches Debridement"", ""Debrisoft Duo""]",Antimikrobielle Spüllösung,"[""Suprasorb A + Ag""]","[""Suprasorb P + PHMB""]","[""Mollelast haft latexfrei"", ""Vliwasorb Pro"", ""tg Schlauchverband""]","[""Haftelast latexfrei"", ""Vliwazell Pro""]",nein,[],"Tiefe/Unterminierung, Durchblutung (ABI) und Druckentlastung/Offloading nicht dokumentiert; systemische Antiinfektiva nach klinischer Beurteilung erwägen. Auswahl der Alginate je nach Wundtiefe als Kompresse oder Tamponade."
wunde_54,Dekubitus (Druckulzera),"Gesäß/Glutealregion, intergluteale Falte (beidseits)",Nekrose,,"[""Ulzeration"", ""Fibrinbelag"", ""Nekrose""]","[""Gerötet / entzündlich"", ""Mazeriert""]",,"[""Erythem / Rötung"", ""Mazeration""]",,Keine,ja,Intertriginöse Lage in der Gesäßfalte; zwei benachbarte Läsionen unterschiedlicher Ausprägung (Fibrin vs. Nekrose).,ja,"[""Autolytisches Debridement"", ""Chirurgisches Debridement"", ""Debrisoft Duo""]",Antimikrobielle Spüllösung,"[""Suprasorb X + PHMB""]",,"[""ActiFast"", ""Curafix H"", ""Mollelast haft latexfrei""]","[""Porofix"", ""Silkafix"", ""tg grip""]",nein,[],"Großflächige nekrotische, infizierte Druckulzera in der interglutealen Falte ohne messbare Exsudation. Primär scharfes Debridement empfohlen; autolytisch (Feuchtigkeitsspende) und mechanisch (Debrisoft Duo) nach Vorweichung zur Belagsreduktion. Fixierung in der Gesäßfalte erschwert; Auswahl der Fixierung abhängig von Anatomie, Feuchtigkeit/Inkontinenz und Hauttoleranz. Systemische Antiinfektiva, konsequente Druckentlastung/Lagerung und Inkontinenz-/Hautschutzmanagement vorausgesetzt."
wunde_55,Dekubitus (Druckulcus),Sakralregion,Fibrinbelag,,"[""Exsudat"", ""Fibrinbelag"", ""Granulation""]","[""Epibolie (eingerollter Wundrand)"", ""Gerötet / entzündlich"", ""Mazeriert"", ""Unterminiert (Wundtaschen)""]",,"[""Erythem / Rötung"", ""Mazeration""]",,Stark,ja,Ausgeprägte periwundäre Rötung; deutliche Kavität/Unterminierung; zäh-gelbliches Exsudat. Geruch und Schmerzen bildbasiert nicht beurteilbar.,ja,"[""Chirurgisches Debridement"", ""Debrisoft Duo"", ""Debrisoft Lolly""]",Antimikrobielle Spüllösung,"[""Suprasorb A + Ag"", ""Vliwasorb sensitive border""]","[""Suprasorb A + Ag"", ""Suprasorb P + PHMB""]",[],[],nein,[],"Sakraler Druckulcus mit starker Exsudation, tiefer Kavität und klinisch bestätigter Infektion. Annahmen: keine freiliegenden Knochen/Sehnen; Stuhl-/Urin-Kontamination und genaue Taschenausprägung unklar; Scher-/Druckentlastung und Lagerungsmanagement vorausgesetzt."
wunde_56,Dekubitus (Druckulkus),Nicht eindeutig beurteilbar (vermutlich Sakral-/Gesäßregion),Fibrinbelag,,"[""Fibrinbelag"", ""Nekrose""]","[""Gerötet / entzündlich"", ""Mazeriert""]",,"[""Erythem / Rötung"", ""Mazeration""]",,Mäßig,ja,Kraterförmige Ulzeration; periwund Haut glänzend-feucht passend zu Mazeration. Geruch und Schmerzen bildbasiert nicht beurteilbar.,ja,"[""Chirurgisches Debridement"", ""Debrisoft Duo""]",Antimikrobielle Spüllösung,"[""Suprasorb A + Ag"", ""Vliwasorb sensitive border""]","[""Suprasorb P Sensitive"", ""Suprasorb X + PHMB""]",[],,nein,[],Lokalisation vermutlich sakral; moderat tiefer Defekt ohne erkennbare Taschen; mäßige Exsudation; periwund Mazeration vorhanden. Keine Materialunverträglichkeiten bekannt. Fixation im Sakralbereich als ausreichend angenommen.
wunde_57,Dekubitus (Druckulcus),Sakralregion / Gesäß (nahe Rima ani),Fibrinbelag,,"[""Fibrinbelag""]","[""Gerötet / entzündlich"", ""Mazeriert""]",,"[""Erythem / Rötung"", ""Mazeration""]",,"Leicht, Mäßig",ja,Ausgedehnte periwundäre Rötung; gelblich-zäher Belag; Lage in Hautfalte mit Feuchtigkeitsbelastung; Infektionsverdacht aufgrund Rötung und Belag.,ja,"[""Autolytisches Debridement"", ""Debrisoft Duo""]",Antimikrobielle Spüllösung,"[""Suprasorb A + Ag"", ""Suprasorb P Sensitive""]","[""Suprasorb X + PHMB"", ""Vliwasorb sensitive border""]",[],,nein,[],"Annahme: keine tiefe Fistel/Taschenbildung und keine freiliegenden Strukturen; Exsudat leicht bis mäßig. Druckentlastung, Inkontinenz- und Hautschutzmaßnahmen zusätzlich erforderlich, aber nicht Teil des Katalogs."
wunde_58,Pilonidalsinus (Sinus pilonidalis),"Interglutealfalte (Mittellinie), Sakrokokzygealregion",Sonstiges,Fistelöffnung(en) mit seröser Exsudation,"[""Ulzeration"", ""Exsudat""]","[""Gerötet / entzündlich""]",,"[""Erythem / Rötung""]",,Keine bis Leicht,ja,"Mehrere (2-3) kleine Öffnungen linear angeordnet in der Interglutealfalte; eine zeigt eine kleine seröse Flüssigkeitsblase; kein Belag, keine Nekrose sichtbar.",ja,"[""Debrisoft Lolly"", ""Debrisoft Pad""]",Antimikrobielle Spüllösung,"[""Suprasorb X + PHMB""]","[""Opraclean Mullbinde zur Tamponade mit Iodoform"", ""Solvaline N""]","[""Curapor transparent"", ""Silkafix""]","[""Curapor"", ""Mollelast haft latexfrei""]",nein,[],"Wundtiefe und Ausdehnung der Fistelgänge unklar; Tamponade nur atraumatisch und so tief wie sondierbar einbringen. Alternative Opraclean v. a. nach chirurgischer Drainage/Infektsanierung geeignet. Exsudat gering; daher dünne, flexible Sekundärabdeckung gewählt; Fixierung je nach Haftung in der Interglutealfalte anpassen."
wunde_59,,,,,[],,,,,,nein,,ja,"[""Debrisoft Pad""]",,"[""Suprasorb Liquacel Pro"", ""Vliwasorb sensitive border""]","[""Suprasorb A Pro"", ""Vliwasorb Pro""]",[],,nein,[],"Annahme: tiefe, stark exsudierende, nicht infizierte Wunde im Sakral-/Sitzbereich; daher Tamponade plus superabsorbierender Border-Verband gewählt. Bei abweichender Lokalisation/Verbandhalteproblem ggf. zusätzliche Fixierung erforderlich."
wunde_60,Dekubitus (mehrere Ulzera),"Sakralregion / Gesäß, intergluteal und paragluteal (mittelliniennah)",Sonstiges,Mischbild: Granulation mit Fibrinbelägen,"[""Fibrinbelag"", ""Granulation""]","[""Gerötet / entzündlich"", ""Mazeriert""]",,"[""Ekzem / Dermatitis"", ""Erythem / Rötung"", ""Mazeration""]",,"Mäßig, Stark",ja,"Mehrere getrennte Ulzera (2 größere, 1 kleineres) mit zusätzlichen oberflächlichen Erosionen/Satellitenläsionen; Interglutealfalte mitbetroffen.",ja,"[""Autolytisches Debridement"", ""Debrisoft Duo"", ""Debrisoft Lolly""]",Antimikrobielle Spüllösung,"[""Suprasorb A + Ag"", ""Vliwasorb sensitive border""]","[""Suprasorb P + PHMB"", ""Suprasorb X + PHMB""]","[""Mollelast haft latexfrei"", ""Silkafix"", ""tg Schlauchverband""]","[""Haftelast latexfrei"", ""Porofix""]",nein,[],Mehrere sakrale Dekubitalulzera mit mäßig bis starkem Exsudat und klinischer Infektion. Annahme: keine tiefen Taschen/Unterminierungen über das Sichtbare hinaus; keine bekannten Materialallergien. Lagerungs-/Druckentlastungsmaßnahmen sowie Hautschutz der Wundumgebung vorausgesetzt.
